<?xml version="1.0" encoding="UTF-8"?>
<metadata xml:lang="es"><Esri><CreaDate>20180825</CreaDate><CreaTime>22022000</CreaTime><ArcGISFormat>1.0</ArcGISFormat><SyncOnce>TRUE</SyncOnce><DataProperties><lineage><Process ToolSource="c:\program files (x86)\arcgis\desktop10.5\ArcToolbox\Toolboxes\Data Management Tools.tbx\CalculateField" Date="20180825" Time="220220">CalculateField "zonas de vida inrena onern minam geogpsperu" DESCARGAS "www.geogpsperu.com" VB #</Process><Process ToolSource="c:\program files (x86)\arcgis\desktop10.5\ArcToolbox\Toolboxes\Data Management Tools.tbx\CalculateField" Date="20180825" Time="220256">CalculateField "zonas de vida inrena onern minam geogpsperu" FUENTE "ONERN-INRENA-MINAM" VB #</Process></lineage></DataProperties></Esri></metadata>
